{"cameraMode":{"drawMode":0,"name":"Shaded","section":"Shading Mode"},"sceneLighting":false,"audioPlay":false,"sceneViewState":{"m_AlwaysRefresh":false,"showFog":true,"showSkybox":false,"showFlares":true,"showImageEffects":true,"showParticleSystems":true,"showVisualEffectGraphs":true,"m_FxEnabled":true},"in2DMode":false,"pivot":{"x":-0.12902219593524934,"y":0.07750102877616883,"z":-0.8930767774581909},"rotation":{"x":-0.2606663405895233,"y":0.6160176992416382,"z":-0.22682543098926545,"w":-0.7079148888587952},"size":5.217578411102295,"orthographic":false}